Workbook

Sheet Resumen
A1: EcoScan Chile – Resumen de requisitos
A2: Fuente: EcoScan_Requisitos_v3_100_requisitos.docx (los conteos se calculan con fórmulas desde las hojas de detalle).
A4: Tipo | B4: Implementado | C4: Parcial | D4: Pendiente | E4: A verificar | F4: A medir | G4: Propuesto | H4: Total
A5: Funcionales | B5: =COUNTIF('Requisitos funcionales'!$E:$E,"Implementado*") -> 22 | C5: =COUNTIF('Requisitos funcionales'!$E:$E,"Parcial*") -> 1 | D5: =COUNTIF('Requisitos funcionales'!$E:$E,"Pendiente*") -> 1 | E5: =COUNTIF('Requisitos funcionales'!$E:$E,"A verificar*") -> 2 | F5: =COUNTIF('Requisitos funcionales'!$E:$E,"A medir*") -> 0 | G5: =COUNTIF('Requisitos funcionales'!$E:$E,"Propuesto*") -> 34 | H5: =SUM(B5:G5) -> 60
A6: No funcionales | B6: =COUNTIF('Requisitos no funcionales'!$E:$E,"Implementado*") -> 1 | C6: =COUNTIF('Requisitos no funcionales'!$E:$E,"Parcial*") -> 3 | D6: =COUNTIF('Requisitos no funcionales'!$E:$E,"Pendiente*") -> 1 | E6: =COUNTIF('Requisitos no funcionales'!$E:$E,"A verificar*") -> 3 | F6: =COUNTIF('Requisitos no funcionales'!$E:$E,"A medir*") -> 2 | G6: =COUNTIF('Requisitos no funcionales'!$E:$E,"Propuesto*") -> 30 | H6: =SUM(B6:G6) -> 40
A7: Total | B7: =SUM(B5:B6) -> 23 | C7: =SUM(C5:C6) -> 4 | D7: =SUM(D5:D6) -> 2 | E7: =SUM(E5:E6) -> 5 | F7: =SUM(F5:F6) -> 2 | G7: =SUM(G5:G6) -> 64 | H7: =SUM(H5:H6) -> 100
A9: Por prioridad
B10: Alta | C10: Media | D10: Baja
A11: Funcionales | B11: =COUNTIF('Requisitos funcionales'!$D:$D,"Alta") -> 22 | C11: =COUNTIF('Requisitos funcionales'!$D:$D,"Media") -> 25 | D11: =COUNTIF('Requisitos funcionales'!$D:$D,"Baja") -> 13
A12: No funcionales | B12: =COUNTIF('Requisitos no funcionales'!$D:$D,"Alta") -> 14 | C12: =COUNTIF('Requisitos no funcionales'!$D:$D,"Media") -> 25 | D12: =COUNTIF('Requisitos no funcionales'!$D:$D,"Baja") -> 1
A14: Nota: 'Propuesto' = requisito nuevo que el equipo debe decidir si adopta; no describe lo que la app hace hoy.

Sheet Requisitos funcionales
A1: Módulo / grupo | B1: ID | C1: Descripción | D1: Prioridad | E1: Estado | F1: Proceso BPMN
A2: RF · Módulo Escáner IA | B2: RF-01 | C2: Permitir subir una imagen desde archivo o tomarla con la cámara del dispositivo en la pestaña Escáner IA. | D2: Alta | E2: Implementado | F2: 01
A3: RF · Módulo Escáner IA | B3: RF-02 | C3: Mostrar una vista previa de la imagen cargada antes de enviarla a clasificar. | D3: Alta | E3: Implementado | F3: 01
A4: RF · Módulo Escáner IA | B4: RF-03 | C4: Enviar la imagen al servicio de inferencia (POST /predict) y mostrar un estado de carga ("Esperando imagen...") mientras se espera la respuesta. | D4: Alta | E4: Implementado | F4: 01, 02
A5: RF · Módulo Escáner IA | B5: RF-04 | C5: Clasificar el residuo de la imagen en una categoría de material soportada (Cartón y Papel, Plástico PET/HDPE, Aluminio). | D5: Alta | E5: Parcial (B-3) | F5: 02
A6: RF · Módulo Escáner IA | B6: RF-05 | C6: Aplicar un umbral mínimo de confianza para aceptar una clasificación; bajo ese umbral, solicitar repetir la captura. | D6: Alta | E6: A verificar | F6: 02
A7: RF · Módulo Escáner IA | B7: RF-06 | C7: Rechazar imágenes borrosas o de baja calidad antes de clasificar, pidiendo una nueva foto. | D7: Alta | E7: A verificar | F7: 02
A8: RF · Módulo Escáner IA | B8: RF-07 | C8: Mostrar el contenedor de reciclaje recomendado (color) y una lista numerada de pasos de preparación. | D8: Alta | E8: Implementado | F8: 01, 02
A9: RF · Módulo Escáner IA | B9: RF-08 | C9: Permitir alternar entre "¿Cómo Reciclar?" y "¿Cómo Reutilizar?", cada uno con sus pasos y enlaces. | D9: Alta | E9: Implementado | F9: 01
A10: RF · Módulo Escáner IA | B10: RF-09 | C10: Mostrar enlaces a recursos externos relacionados con el material detectado (Portal ReciclaChile MMA, TriCiclos Chile, etc.). | D10: Media | E10: Implementado | F10: 01, 09
A11: RF · Módulo Escáner IA | B11: RF-10 | C11: Mostrar un contador de materiales detectados en la imagen analizada. | D11: Media | E11: Implementado | F11: 01
A12: RF · Módulo Escáner IA | B12: RF-11 | C12: Mostrar un banner rotativo con datos de impacto ambiental de la RM, con botón "Siguiente". | D12: Baja | E12: Implementado | F12: 01
... A61: RF · Transversales, cuenta y administración | B61: RF-60 | C61: Generar un reporte mensual de inferencias por material y resultado (CSV y resumen). | D61: Media | E61: Propuesto | F61: 12

Sheet Requisitos no funcionales
A1: Módulo / grupo | B1: ID | C1: Descripción | D1: Prioridad | E1: Estado | F1: Proceso BPMN
A2: RNF · Rendimiento | B2: RNF-01 | C2: La latencia de /predict debe ser ≤ 2 s (objetivo p95), medida desde el envío hasta la respuesta mostrada. | D2: Alta | E2: A medir | F2: 02, 06
A3: RNF · Rendimiento | B3: RNF-13 | C3: La carga inicial de la app debe completarse en ≤ 2,5 s (LCP) con red 4G. | D3: Media | E3: Propuesto | F3: 13
A4: RNF · Rendimiento | B4: RNF-14 | C4: Cambiar un filtro de comuna o mover un deslizador debe reflejarse en pantalla en ≤ 100 ms. | D4: Media | E4: Propuesto | F4: 03, 04
A5: RNF · Rendimiento | B5: RNF-15 | C5: El backend debe sostener 50 solicitudes concurrentes a /predict manteniendo el p95 ≤ 2 s (valor a calibrar). | D5: Media | E5: Propuesto | F5: 02, 13
A6: RNF · Rendimiento | B6: RNF-16 | C6: El paquete JavaScript inicial no debe superar 300 KB comprimido (valor a medir). | D6: Baja | E6: Propuesto | F6: 13
A7: RNF · Calidad del modelo | B7: RNF-02 | C7: El modelo debe alcanzar un Macro-F1 ≥ 0,85 (a confirmar por el equipo de datos) antes de pasar a producción. | D7: Alta | E7: A medir | F7: 06
A8: RNF · Calidad del modelo | B8: RNF-40 | C8: Cada versión de modelo y dataset debe quedar versionada y cada inferencia debe indicar qué modelo la respondió. | D8: Media | E8: Propuesto | F8: 02, 06
A9: RNF · Disponibilidad y confiabilidad | B9: RNF-03 | C9: El backend debe exponer un endpoint de salud (GET /health) para monitoreo (brecha B-2). | D9: Alta | E9: Pendiente (B-2) | F9: 13, 14
A10: RNF · Disponibilidad y confiabilidad | B10: RNF-10 | C10: Los enlaces externos deben verificarse periódicamente; se detectó al menos uno caído (CP-06, B-5). | D10: Media | E10: Parcial (B-5) | F10: 09
A11: RNF · Disponibilidad y confiabilidad | B11: RNF-27 | C11: Disponibilidad objetivo del servicio de inferencia de 99 % mensual (valor a definir). | D11: Media | E11: Propuesto | F11: 13, 14
A12: RNF · Disponibilidad y confiabilidad | B12: RNF-28 | C12: Respaldos diarios de la base de datos, con RPO ≤ 24 h y restauración probada cada trimestre. | D12: Media | E12: Propuesto | F12: 13
... A41: RNF · Compatibilidad, portabilidad y mantenibilidad | B41: RNF-12 | C41: Cada inferencia debería registrar material, confianza y fecha para aportar evidencia alineada con la Ley REP 20.920. | D41: Media | E41: Propuesto | F41: 02, 12
